猫雷粉丝,02月10日02:47:55,2:47:55,102422,
猫雷粉丝,02月10日02:49:20,2:49:20,102421,
猫雷粉丝,02月11日11:40:59,11:40:59,104210,
猫雷粉丝,02月11日11:41:22,11:41:22,104210,
猫雷粉丝,02月11日14:49:15,14:49:15,104450,
猫雷粉丝,02月11日15:14:41,15:14:41,104467,
猫雷粉丝,02月11日15:42:56,15:42:56,104513,
猫雷粉丝,02月11日15:49:53,15:49:53,104516,
猫雷粉丝,02月11日15:51:47,15:51:47,104520,
猫雷粉丝,02月11日15:56:56,15:56:56,104526,
猫雷粉丝,02月11日16:00:32,16:00:32,104528,
猫雷粉丝,02月11日16:12:08,16:12:08,104540,
猫雷粉丝,02月11日16:20:41,16:20:41,104546,
猫雷粉丝,02月11日16:24:48,16:24:48,104561,
猫雷粉丝,02月11日17:09:13,17:09:13,104622,
猫雷粉丝,02月11日17:12:36,17:12:36,104624,
猫雷粉丝,02月11日17:13:33,17:13:33,104626,
猫雷粉丝,02月11日17:13:45,17:13:45,104626,
猫雷粉丝,02月11日17:13:52,17:13:52,104627,
猫雷粉丝,02月11日17:16:52,17:16:52,104636,
猫雷粉丝,02月11日17:17:29,17:17:29,104636,
猫雷粉丝,02月11日17:17:48,17:17:48,104636,
猫雷粉丝,02月11日17:19:27,17:19:27,104639,
猫雷粉丝,02月11日17:40:03,17:40:03,104658,19
猫雷粉丝,02月11日17:40:31,17:40:31,104660,2
猫雷粉丝,02月11日17:41:11,17:41:11,104659,-1
猫雷粉丝,02月11日17:42:06,17:42:06,104661,2
猫雷粉丝,02月11日17:42:49,17:42:49,104663,2
猫雷粉丝,02月11日17:43:59,17:43:59,104664,1
猫雷粉丝,02月11日17:44:06,17:44:06,104663,-1
猫雷粉丝,02月11日17:45:25,17:45:25,104664,1
猫雷粉丝,02月11日18:52:11,18:52:11,104742,78
猫雷粉丝,02月11日19:58:11,19:58:11,104834,92
猫雷粉丝,02月12日00:30:15,00:30:15,105107,273
猫雷粉丝,02月12日11:59:09,11:59:09,105454,347
猫雷粉丝,02月13日13:01:31,13:01:31,106259,805
猫雷粉丝,02月13日16:26:30,16:26:30,106345,86
猫雷粉丝,02月14日01:19:59,01:19:59,106672,327
猫雷粉丝,02月19日00:05:32,00:05:32,109841,3169
猫雷粉丝,02月23日22:45:55,22:45:55,111174,1333
猫雷粉丝,02月26日14:07:52,14:07:52,112735,1561
猫雷粉丝,06月10日14:56:16,14:56:16,129250,16515
猫雷粉丝,06月12日09:10:37,09:10:37,129281,31
